년-월,원유_원재자가_Dubai,원유_수입량(천배럴),원유_처리량(천배럴),석유_제품생산량(천배럴),원유_합계수입량,원유_합계수입가,원유_합계단가,석탄_생산소비량(천톤),석탄_생산량(천톤),석탄_수급소비량(천톤),석탄_산업용소비량(천톤),천연가스_생산량,천연가스_단위가격,천연가스_금액,천연가스_중량
Jan-80,,,,,14038.75,430112.5833,2.583333333,,,,,,,,
Feb-80,,,,,14038.75,430112.5833,2.583333333,,,,,,,,
Mar-80,,,,,14038.75,430112.5833,2.583333333,,,,,,,,
Apr-80,,,,,14038.75,430112.5833,2.583333333,,,,,,,,
May-80,,,,,14038.75,430112.5833,2.583333333,,,,,,,,
Jun-80,,,,,14038.75,430112.5833,2.583333333,,,,,,,,
Jul-80,,,,,14038.75,430112.5833,2.583333333,,,,,,,,
Aug-80,,,,,14038.75,430112.5833,2.583333333,,,,,,,,
Sep-80,,,,,14038.75,430112.5833,2.583333333,,,,,,,,
Oct-80,,,,,14038.75,430112.5833,2.583333333,,,,,,,,
Nov-80,,,,,14038.75,430112.5833,2.583333333,,,,,,,,
Dec-80,,,,,14038.75,430112.5833,2.583333333,,,,,,,,
Jan-81,,,,,14295.25,507590.1667,3,,,,,,,,
Feb-81,,,,,14295.25,507590.1667,3,,,,,,,,
Mar-81,,,,,14295.25,507590.1667,3,,,,,,,,
Apr-81,,,,,14295.25,507590.1667,3,,,,,,,,
May-81,,,,,14295.25,507590.1667,3,,,,,,,,
Jun-81,,,,,14295.25,507590.1667,3,,,,,,,,
Jul-81,,,,,14295.25,507590.1667,3,,,,,,,,
Aug-81,,,,,14295.25,507590.1667,3,,,,,,,,
Sep-81,,,,,14295.25,507590.1667,3,,,,,,,,
Oct-81,,,,,14295.25,507590.1667,3,,,,,,,,
Nov-81,,,,,14295.25,507590.1667,3,,,,,,,,
Dec-81,,,,,14295.25,507590.1667,3,,,,,,,,
Jan-82,,,,,14320.16667,487356.9167,2.833333333,,,,,,,,
Feb-82,,,,,14320.16667,487356.9167,2.833333333,,,,,,,,
Mar-82,,,,,14320.16667,487356.9167,2.833333333,,,,,,,,
Apr-82,,,,,14320.16667,487356.9167,2.833333333,,,,,,,,
May-82,,,,,14320.16667,487356.9167,2.833333333,,,,,,,,
Jun-82,,,,,14320.16667,487356.9167,2.833333333,,,,,,,,
Jul-82,,,,,14320.16667,487356.9167,2.833333333,,,,,,,,
Aug-82,,,,,14320.16667,487356.9167,2.833333333,,,,,,,,
Sep-82,,,,,14320.16667,487356.9167,2.833333333,,,,,,,,
Oct-82,,,,,14320.16667,487356.9167,2.833333333,,,,,,,,
Nov-82,,,,,14320.16667,487356.9167,2.833333333,,,,,,,,
Dec-82,,,,,14320.16667,487356.9167,2.833333333,,,,,,,,
Jan-83,,,,,16081,480666.3333,2.5,,,,,,,,
Feb-83,,,,,16081,480666.3333,2.5,,,,,,,,
Mar-83,,,,,16081,480666.3333,2.5,,,,,,,,
Apr-83,,,,,16081,480666.3333,2.5,,,,,,,,
May-83,,,,,16081,480666.3333,2.5,,,,,,,,
Jun-83,,,,,16081,480666.3333,2.5,,,,,,,,
Jul-83,,,,,16081,480666.3333,2.5,,,,,,,,
Aug-83,,,,,16081,480666.3333,2.5,,,,,,,,
Sep-83,,,,,16081,480666.3333,2.5,,,,,,,,
Oct-83,,,,,16081,480666.3333,2.5,,,,,,,,
Nov-83,,,,,16081,480666.3333,2.5,,,,,,,,
Dec-83,,,,,16081,480666.3333,2.5,,,,,,,,
Jan-84,,,,,16623.5,482699.0833,2.416666667,,,,,,,,
Feb-84,,,,,16623.5,482699.0833,2.416666667,,,,,,,,
Mar-84,,,,,16623.5,482699.0833,2.416666667,,,,,,,,
Apr-84,,,,,16623.5,482699.0833,2.416666667,,,,,,,,
May-84,,,,,16623.5,482699.0833,2.416666667,,,,,,,,
Jun-84,,,,,16623.5,482699.0833,2.416666667,,,,,,,,
Jul-84,,,,,16623.5,482699.0833,2.416666667,,,,,,,,
Aug-84,,,,,16623.5,482699.0833,2.416666667,,,,,,,,
Sep-84,,,,,16623.5,482699.0833,2.416666667,,,,,,,,
Oct-84,,,,,16623.5,482699.0833,2.416666667,,,,,,,,
Nov-84,,,,,16623.5,482699.0833,2.416666667,,,,,,,,
Dec-84,,,,,16623.5,482699.0833,2.416666667,,,,,,,,
Jan-85,,16526.08333,16760.91667,16463.25,16526.16667,458299.3333,2.333333333,,,,,,,,
Feb-85,,16526.08333,16760.91667,16463.25,16526.16667,458299.3333,2.333333333,,,,,,,,
Mar-85,,16526.08333,16760.91667,16463.25,16526.16667,458299.3333,2.333333333,,,,,,,,
Apr-85,,16526.08333,16760.91667,16463.25,16526.16667,458299.3333,2.333333333,,,,,,,,
May-85,,16526.08333,16760.91667,16463.25,16526.16667,458299.3333,2.333333333,,,,,,,,
Jun-85,,16526.08333,16760.91667,16463.25,16526.16667,458299.3333,2.333333333,,,,,,,,
Jul-85,,16526.08333,16760.91667,16463.25,16526.16667,458299.3333,2.333333333,,,,,,,,
Aug-85,,16526.08333,16760.91667,16463.25,16526.16667,458299.3333,2.333333333,,,,,,,,
Sep-85,,16526.08333,16760.91667,16463.25,16526.16667,458299.3333,2.333333333,,,,,,,,
Oct-85,,16526.08333,16760.91667,16463.25,16526.16667,458299.3333,2.333333333,,,,,,,,
Nov-85,,16526.08333,16760.91667,16463.25,16526.16667,458299.3333,2.333333333,,,,,,,,
Dec-85,,16526.08333,16760.91667,16463.25,16526.16667,458299.3333,2.333333333,,,,,,,,
Jan-86,,18305.58333,17477.41667,17249,18305.66667,279432.4167,1.25,,,,,,,,
Feb-86,,18305.58333,17477.41667,17249,18305.66667,279432.4167,1.25,,,,,,,,
Mar-86,,18305.58333,17477.41667,17249,18305.66667,279432.4167,1.25,,,,,,,,
Apr-86,,18305.58333,17477.41667,17249,18305.66667,279432.4167,1.25,,,,,,,,
May-86,,18305.58333,17477.41667,17249,18305.66667,279432.4167,1.25,,,,,,,,
Jun-86,,18305.58333,17477.41667,17249,18305.66667,279432.4167,1.25,,,,,,,,
Jul-86,,18305.58333,17477.41667,17249,18305.66667,279432.4167,1.25,,,,,,,,
Aug-86,,18305.58333,17477.41667,17249,18305.66667,279432.4167,1.25,,,,,,,,
Sep-86,,18305.58333,17477.41667,17249,18305.66667,279432.4167,1.25,,,,,,,,
Oct-86,,18305.58333,17477.41667,17249,18305.66667,279432.4167,1.25,,,,,,,,
Nov-86,,18305.58333,17477.41667,17249,18305.66667,279432.4167,1.25,,,,,,,,
Dec-86,,18305.58333,17477.41667,17249,18305.66667,279432.4167,1.25,,,,,,,,
Jan-87,,17801.75,17576.16667,17388.5,17801.66667,315624.3333,1.5,,,,,,,,
Feb-87,,17801.75,17576.16667,17388.5,17801.66667,315624.3333,1.5,,,,,,,,
Mar-87,,17801.75,17576.16667,17388.5,17801.66667,315624.3333,1.5,,,,,,,,
Apr-87,,17801.75,17576.16667,17388.5,17801.66667,315624.3333,1.5,,,,,,,,
May-87,,17801.75,17576.16667,17388.5,17801.66667,315624.3333,1.5,,,,,,,,
Jun-87,,17801.75,17576.16667,17388.5,17801.66667,315624.3333,1.5,,,,,,,,
Jul-87,,17801.75,17576.16667,17388.5,17801.66667,315624.3333,1.5,,,,,,,,
Aug-87,,17801.75,17576.16667,17388.5,17801.66667,315624.3333,1.5,,,,,,,,
Sep-87,,17801.75,17576.16667,17388.5,17801.66667,315624.3333,1.5,,,,,,,,
Oct-87,,17801.75,17576.16667,17388.5,17801.66667,315624.3333,1.5,,,,,,,,
Nov-87,,17801.75,17576.16667,17388.5,17801.66667,315624.3333,1.5,,,,,,,,
Dec-87,,17801.75,17576.16667,17388.5,17801.66667,315624.3333,1.5,,,,,,,,
Jan-88,,21681.58333,21368.33333,21016.33333,21681.83333,318989.0833,1.25,,,,,,0,0,0
Feb-88,,21681.58333,21368.33333,21016.33333,21681.83333,318989.0833,1.25,,,,,,0,0,0
Mar-88,,21681.58333,21368.33333,21016.33333,21681.83333,318989.0833,1.25,,,,,,0,0,0
Apr-88,,21681.58333,21368.33333,21016.33333,21681.83333,318989.0833,1.25,,,,,,0,0,0
May-88,,21681.58333,21368.33333,21016.33333,21681.83333,318989.0833,1.25,,,,,,0,0,0
Jun-88,,21681.58333,21368.33333,21016.33333,21681.83333,318989.0833,1.25,,,,,,0,0,0
Jul-88,,21681.58333,21368.33333,21016.33333,21681.83333,318989.0833,1.25,,,,,,0,0,0
Aug-88,,21681.58333,21368.33333,21016.33333,21681.83333,318989.0833,1.25,,,,,,0,0,0
Sep-88,,21681.58333,21368.33333,21016.33333,21681.83333,318989.0833,1.25,,,,,,0,0,0
Oct-88,,21681.58333,21368.33333,21016.33333,21681.83333,318989.0833,1.25,,,,,,0,0,0
Nov-88,,21681.58333,21368.33333,21016.33333,21681.83333,318989.0833,1.25,,,,,,0,0,0
Dec-88,,21681.58333,21368.33333,21016.33333,21681.83333,318989.0833,1.25,,,,,,0,0,0
Jan-89,,24382,24726.83333,24338.5,24382.16667,405133.5,1.416666667,,,,,,0,0,0
Feb-89,,24382,24726.83333,24338.5,24382.16667,405133.5,1.416666667,,,,,,0,0,0
Mar-89,,24382,24726.83333,24338.5,24382.16667,405133.5,1.416666667,,,,,,0,0,0
Apr-89,,24382,24726.83333,24338.5,24382.16667,405133.5,1.416666667,,,,,,0,0,0
May-89,,24382,24726.83333,24338.5,24382.16667,405133.5,1.416666667,,,,,,0,0,0
Jun-89,,24382,24726.83333,24338.5,24382.16667,405133.5,1.416666667,,,,,,0,0,0
Jul-89,,24382,24726.83333,24338.5,24382.16667,405133.5,1.416666667,,,,,,0,0,0
Aug-89,,24382,24726.83333,24338.5,24382.16667,405133.5,1.416666667,,,,,,0,0,0
Sep-89,,24382,24726.83333,24338.5,24382.16667,405133.5,1.416666667,,,,,,0,0,0
Oct-89,,24382,24726.83333,24338.5,24382.16667,405133.5,1.416666667,,,,,,0,0,0
Nov-89,,24382,24726.83333,24338.5,24382.16667,405133.5,1.416666667,,,,,,0,0,0
Dec-89,,24382,24726.83333,24338.5,24382.16667,405133.5,1.416666667,,,,,,0,0,0
Jan-90,,25697.33333,25541.08333,25374.58333,25697.25,538472,1.75,,,,,,0,0,0
Feb-90,,25697.33333,25541.08333,25374.58333,25697.25,538472,1.75,,,,,,0,0,0
Mar-90,,25697.33333,25541.08333,25374.58333,25697.25,538472,1.75,,,,,,0,0,0
Apr-90,,25697.33333,25541.08333,25374.58333,25697.25,538472,1.75,,,,,,0,0,0
May-90,,25697.33333,25541.08333,25374.58333,25697.25,538472,1.75,,,,,,0,0,0
Jun-90,,25697.33333,25541.08333,25374.58333,25697.25,538472,1.75,,,,,,0,0,0
Jul-90,,25697.33333,25541.08333,25374.58333,25697.25,538472,1.75,,,,,,0,0,0
Aug-90,,25697.33333,25541.08333,25374.58333,25697.25,538472,1.75,,,,,,0,0,0
Sep-90,,25697.33333,25541.08333,25374.58333,25697.25,538472,1.75,,,,,,0,0,0
Oct-90,,25697.33333,25541.08333,25374.58333,25697.25,538472,1.75,,,,,,0,0,0
Nov-90,,25697.33333,25541.08333,25374.58333,25697.25,538472,1.75,,,,,,0,0,0
Dec-90,,25697.33333,25541.08333,25374.58333,25697.25,538472,1.75,,,,,,0,0,0
Jan-91,,32263,34421.25,34017.91667,32262.91667,626416.5833,1.583333333,,,,,,0,0,0
Feb-91,,32263,34421.25,34017.91667,32262.91667,626416.5833,1.583333333,,,,,,0,0,0
Mar-91,,32263,34421.25,34017.91667,32262.91667,626416.5833,1.583333333,,,,,,0,0,0
Apr-91,,32263,34421.25,34017.91667,32262.91667,626416.5833,1.583333333,,,,,,0,0,0
May-91,,32263,34421.25,34017.91667,32262.91667,626416.5833,1.583333333,,,,,,0,0,0
Jun-91,,32263,34421.25,34017.91667,32262.91667,626416.5833,1.583333333,,,,,,0,0,0
Jul-91,,32263,34421.25,34017.91667,32262.91667,626416.5833,1.583333333,,,,,,0,0,0
Aug-91,,32263,34421.25,34017.91667,32262.91667,626416.5833,1.583333333,,,,,,0,0,0
Sep-91,,32263,34421.25,34017.91667,32262.91667,626416.5833,1.583333333,,,,,,0,0,0
Oct-91,,32263,34421.25,34017.91667,32262.91667,626416.5833,1.583333333,,,,,,0,0,0
Nov-91,,32263,34421.25,34017.91667,32262.91667,626416.5833,1.583333333,,,,,,0,0,0
Dec-91,,32263,34421.25,34017.91667,32262.91667,626416.5833,1.583333333,,,,,,0,0,0
Jan-92,,42415.5,42551.66667,42046.66667,42415.41667,786928.8333,1.583333333,,,,,,0,0,0
Feb-92,,42415.5,42551.66667,42046.66667,42415.41667,786928.8333,1.583333333,,,,,,0,0,0
Mar-92,,42415.5,42551.66667,42046.66667,42415.41667,786928.8333,1.583333333,,,,,,0,0,0
Apr-92,,42415.5,42551.66667,42046.66667,42415.41667,786928.8333,1.583333333,,,,,,0,0,0
May-92,,42415.5,42551.66667,42046.66667,42415.41667,786928.8333,1.583333333,,,,,,0,0,0
Jun-92,,42415.5,42551.66667,42046.66667,42415.41667,786928.8333,1.583333333,,,,,,0,0,0
Jul-92,,42415.5,42551.66667,42046.66667,42415.41667,786928.8333,1.583333333,,,,,,0,0,0
Aug-92,,42415.5,42551.66667,42046.66667,42415.41667,786928.8333,1.583333333,,,,,,0,0,0
Sep-92,,42415.5,42551.66667,42046.66667,42415.41667,786928.8333,1.583333333,,,,,,0,0,0
Oct-92,,42415.5,42551.66667,42046.66667,42415.41667,786928.8333,1.583333333,,,,,,0,0,0
Nov-92,,42415.5,42551.66667,42046.66667,42415.41667,786928.8333,1.583333333,,,,,,0,0,0
Dec-92,,42415.5,42551.66667,42046.66667,42415.41667,786928.8333,1.583333333,,,,,,0,0,0
Jan-93,,46713.58333,45330.75,44998.83333,46713.75,774853.8333,1.416666667,,,,,,0,0,0
Feb-93,,46713.58333,45330.75,44998.83333,46713.75,774853.8333,1.416666667,,,,,,0,0,0
Mar-93,,46713.58333,45330.75,44998.83333,46713.75,774853.8333,1.416666667,,,,,,0,0,0
Apr-93,,46713.58333,45330.75,44998.83333,46713.75,774853.8333,1.416666667,,,,,,0,0,0
May-93,,46713.58333,45330.75,44998.83333,46713.75,774853.8333,1.416666667,,,,,,0,0,0
Jun-93,,46713.58333,45330.75,44998.83333,46713.75,774853.8333,1.416666667,,,,,,0,0,0
Jul-93,,46713.58333,45330.75,44998.83333,46713.75,774853.8333,1.416666667,,,,,,0,0,0
Aug-93,,46713.58333,45330.75,44998.83333,46713.75,774853.8333,1.416666667,,,,,,0,0,0
Sep-93,,46713.58333,45330.75,44998.83333,46713.75,774853.8333,1.416666667,,,,,,0,0,0
Oct-93,,46713.58333,45330.75,44998.83333,46713.75,774853.8333,1.416666667,,,,,,0,0,0
Nov-93,,46713.58333,45330.75,44998.83333,46713.75,774853.8333,1.416666667,,,,,,0,0,0
Dec-93,,46713.58333,45330.75,44998.83333,46713.75,774853.8333,1.416666667,,,,,,0,0,0
Jan-94,,47809.5,46738.83333,47371,47809.41667,743286.5833,1.333333333,,,,,,0,0,0
Feb-94,,47809.5,46738.83333,47371,47809.41667,743286.5833,1.333333333,,,,,,0,0,0
Mar-94,,47809.5,46738.83333,47371,47809.41667,743286.5833,1.333333333,,,,,,0,0,0
Apr-94,,47809.5,46738.83333,47371,47809.41667,743286.5833,1.333333333,,,,,,0,0,0
May-94,,47809.5,46738.83333,47371,47809.41667,743286.5833,1.333333333,,,,,,0,0,0
Jun-94,,47809.5,46738.83333,47371,47809.41667,743286.5833,1.333333333,,,,,,0,0,0
Jul-94,,47809.5,46738.83333,47371,47809.41667,743286.5833,1.333333333,,,,,,0,0,0
Aug-94,,47809.5,46738.83333,47371,47809.41667,743286.5833,1.333333333,,,,,,0,0,0
Sep-94,,47809.5,46738.83333,47371,47809.41667,743286.5833,1.333333333,,,,,,0,0,0
Oct-94,,47809.5,46738.83333,47371,47809.41667,743286.5833,1.333333333,,,,,,0,0,0
Nov-94,,47809.5,46738.83333,47371,47809.41667,743286.5833,1.333333333,,,,,,0,0,0
Dec-94,,47809.5,46738.83333,47371,47809.41667,743286.5833,1.333333333,,,,,,0,0,0
Jan-95,,52078.75,52589.83333,53591.83333,52078.58333,902042.3333,1.416666667,,,,,,0,0,0
Feb-95,,52078.75,52589.83333,53591.83333,52078.58333,902042.3333,1.416666667,,,,,,0,0,0
Mar-95,,52078.75,52589.83333,53591.83333,52078.58333,902042.3333,1.416666667,,,,,,0,0,0
Apr-95,,52078.75,52589.83333,53591.83333,52078.58333,902042.3333,1.416666667,,,,,,0,0,0
May-95,,52078.75,52589.83333,53591.83333,52078.58333,902042.3333,1.416666667,,,,,,0,0,0
Jun-95,,52078.75,52589.83333,53591.83333,52078.58333,902042.3333,1.416666667,,,,,,0,0,0
Jul-95,,52078.75,52589.83333,53591.83333,52078.58333,902042.3333,1.416666667,,,,,,0,0,0
Aug-95,,52078.75,52589.83333,53591.83333,52078.58333,902042.3333,1.416666667,,,,,,0,0,0
Sep-95,,52078.75,52589.83333,53591.83333,52078.58333,902042.3333,1.416666667,,,,,,0,0,0
Oct-95,,52078.75,52589.83333,53591.83333,52078.58333,902042.3333,1.416666667,,,,,,0,0,0
Nov-95,,52078.75,52589.83333,53591.83333,52078.58333,902042.3333,1.416666667,,,,,,0,0,0
Dec-95,,52078.75,52589.83333,53591.83333,52078.58333,902042.3333,1.416666667,,,,,,0,0,0
Jan-96,,60160.58333,60070.5,60344,60160.41667,1209735.417,1.666666667,,412.5833333,361.4166667,2.333333333,,0,0,0
Feb-96,,60160.58333,60070.5,60344,60160.41667,1209735.417,1.666666667,,412.5833333,361.4166667,2.333333333,,0,0,0
Mar-96,,60160.58333,60070.5,60344,60160.41667,1209735.417,1.666666667,,412.5833333,361.4166667,2.333333333,,0,0,0
Apr-96,,60160.58333,60070.5,60344,60160.41667,1209735.417,1.666666667,,412.5833333,361.4166667,2.333333333,,0,0,0
May-96,,60160.58333,60070.5,60344,60160.41667,1209735.417,1.666666667,,412.5833333,361.4166667,2.333333333,,0,0,0
Jun-96,,60160.58333,60070.5,60344,60160.41667,1209735.417,1.666666667,,412.5833333,361.4166667,2.333333333,,0,0,0
Jul-96,,60160.58333,60070.5,60344,60160.41667,1209735.417,1.666666667,,412.5833333,361.4166667,2.333333333,,0,0,0
Aug-96,,60160.58333,60070.5,60344,60160.41667,1209735.417,1.666666667,,412.5833333,361.4166667,2.333333333,,0,0,0
Sep-96,,60160.58333,60070.5,60344,60160.41667,1209735.417,1.666666667,,412.5833333,361.4166667,2.333333333,,0,0,0
Oct-96,,60160.58333,60070.5,60344,60160.41667,1209735.417,1.666666667,,412.5833333,361.4166667,2.333333333,,0,0,0
Nov-96,,60160.58333,60070.5,60344,60160.41667,1209735.417,1.666666667,,412.5833333,361.4166667,2.333333333,,0,0,0
Dec-96,,60160.58333,60070.5,60344,60160.41667,1209735.417,1.666666667,,412.5833333,361.4166667,2.333333333,,0,0,0
Jan-97,,72784.58333,72664.5,75955.16667,72784.5,1480629.833,1.666666667,,376.1666667,314.0833333,4.75,,0,0,0
Feb-97,,72784.58333,72664.5,75955.16667,72784.5,1480629.833,1.666666667,,376.1666667,314.0833333,4.75,,0,0,0
Mar-97,,72784.58333,72664.5,75955.16667,72784.5,1480629.833,1.666666667,,376.1666667,314.0833333,4.75,,0,0,0
Apr-97,,72784.58333,72664.5,75955.16667,72784.5,1480629.833,1.666666667,,376.1666667,314.0833333,4.75,,0,0,0
May-97,,72784.58333,72664.5,75955.16667,72784.5,1480629.833,1.666666667,,376.1666667,314.0833333,4.75,,0,0,0
Jun-97,,72784.58333,72664.5,75955.16667,72784.5,1480629.833,1.666666667,,376.1666667,314.0833333,4.75,,0,0,0
Jul-97,,72784.58333,72664.5,75955.16667,72784.5,1480629.833,1.666666667,,376.1666667,314.0833333,4.75,,0,0,0
Aug-97,,72784.58333,72664.5,75955.16667,72784.5,1480629.833,1.666666667,,376.1666667,314.0833333,4.75,,0,0,0
Sep-97,,72784.58333,72664.5,75955.16667,72784.5,1480629.833,1.666666667,,376.1666667,314.0833333,4.75,,0,0,0
Oct-97,,72784.58333,72664.5,75955.16667,72784.5,1480629.833,1.666666667,,376.1666667,314.0833333,4.75,,0,0,0
Nov-97,,72784.58333,72664.5,75955.16667,72784.5,1480629.833,1.666666667,,376.1666667,314.0833333,4.75,,0,0,0
Dec-97,,72784.58333,72664.5,75955.16667,72784.5,1480629.833,1.666666667,,376.1666667,314.0833333,4.75,,0,0,0
Jan-98,,68257.83333,68824.16667,72070.41667,68257.91667,936573.3333,1.166666667,,363.4166667,320.1666667,13.5,,0,0,0
Feb-98,,68257.83333,68824.16667,72070.41667,68257.91667,936573.3333,1.166666667,,363.4166667,320.1666667,13.5,,0,0,0
Mar-98,,68257.83333,68824.16667,72070.41667,68257.91667,936573.3333,1.166666667,,363.4166667,320.1666667,13.5,,0,0,0
Apr-98,,68257.83333,68824.16667,72070.41667,68257.91667,936573.3333,1.166666667,,363.4166667,320.1666667,13.5,,0,0,0
May-98,,68257.83333,68824.16667,72070.41667,68257.91667,936573.3333,1.166666667,,363.4166667,320.1666667,13.5,,0,0,0
Jun-98,,68257.83333,68824.16667,72070.41667,68257.91667,936573.3333,1.166666667,,363.4166667,320.1666667,13.5,,0,0,0
Jul-98,,68257.83333,68824.16667,72070.41667,68257.91667,936573.3333,1.166666667,,363.4166667,320.1666667,13.5,,0,0,0
Aug-98,,68257.83333,68824.16667,72070.41667,68257.91667,936573.3333,1.166666667,,363.4166667,320.1666667,13.5,,0,0,0
Sep-98,,68257.83333,68824.16667,72070.41667,68257.91667,936573.3333,1.166666667,,363.4166667,320.1666667,13.5,,0,0,0
Oct-98,,68257.83333,68824.16667,72070.41667,68257.91667,936573.3333,1.166666667,,363.4166667,320.1666667,13.5,,0,0,0
Nov-98,,68257.83333,68824.16667,72070.41667,68257.91667,936573.3333,1.166666667,,363.4166667,320.1666667,13.5,,0,0,0
Dec-98,,68257.83333,68824.16667,72070.41667,68257.91667,936573.3333,1.166666667,,363.4166667,320.1666667,13.5,,0,0,0
Jan-99,,72840.83333,72728.5,75923.83333,72841,1232023.75,1.416666667,,349.75,321.0833333,15.33333333,,0,0,0
Feb-99,,72840.83333,72728.5,75923.83333,72841,1232023.75,1.416666667,,349.75,321.0833333,15.33333333,,0,0,0
Mar-99,,72840.83333,72728.5,75923.83333,72841,1232023.75,1.416666667,,349.75,321.0833333,15.33333333,,0,0,0
Apr-99,,72840.83333,72728.5,75923.83333,72841,1232023.75,1.416666667,,349.75,321.0833333,15.33333333,,0,0,0
May-99,,72840.83333,72728.5,75923.83333,72841,1232023.75,1.416666667,,349.75,321.0833333,15.33333333,,0,0,0
Jun-99,,72840.83333,72728.5,75923.83333,72841,1232023.75,1.416666667,,349.75,321.0833333,15.33333333,,0,0,0
Jul-99,,72840.83333,72728.5,75923.83333,72841,1232023.75,1.416666667,,349.75,321.0833333,15.33333333,,0,0,0
Aug-99,,72840.83333,72728.5,75923.83333,72841,1232023.75,1.416666667,,349.75,321.0833333,15.33333333,,0,0,0
Sep-99,,72840.83333,72728.5,75923.83333,72841,1232023.75,1.416666667,,349.75,321.0833333,15.33333333,,0,0,0
Oct-99,,72840.83333,72728.5,75923.83333,72841,1232023.75,1.416666667,,349.75,321.0833333,15.33333333,,0,0,0
Nov-99,,72840.83333,72728.5,75923.83333,72841,1232023.75,1.416666667,,349.75,321.0833333,15.33333333,,0,0,0
Dec-99,,72840.83333,72728.5,75923.83333,72841,1232023.75,1.416666667,,349.75,321.0833333,15.33333333,,0,0,0
Jan-00,,74495.25,74192,77241.41667,74495.33333,2102235.083,2.333333333,,345.8333333,346.5833333,9.75,,0,0,0
Feb-00,,74495.25,74192,77241.41667,74495.33333,2102235.083,2.333333333,,345.8333333,346.5833333,9.75,,0,0,0
Mar-00,,74495.25,74192,77241.41667,74495.33333,2102235.083,2.333333333,,345.8333333,346.5833333,9.75,,0,0,0
Apr-00,,74495.25,74192,77241.41667,74495.33333,2102235.083,2.333333333,,345.8333333,346.5833333,9.75,,0,0,0
May-00,,74495.25,74192,77241.41667,74495.33333,2102235.083,2.333333333,,345.8333333,346.5833333,9.75,,0,0,0
Jun-00,,74495.25,74192,77241.41667,74495.33333,2102235.083,2.333333333,,345.8333333,346.5833333,9.75,,0,0,0
Jul-00,,74495.25,74192,77241.41667,74495.33333,2102235.083,2.333333333,,345.8333333,346.5833333,9.75,,0,0,0
Aug-00,,74495.25,74192,77241.41667,74495.33333,2102235.083,2.333333333,,345.8333333,346.5833333,9.75,,0,0,0
Sep-00,,74495.25,74192,77241.41667,74495.33333,2102235.083,2.333333333,,345.8333333,346.5833333,9.75,,0,0,0
Oct-00,,74495.25,74192,77241.41667,74495.33333,2102235.083,2.333333333,,345.8333333,346.5833333,9.75,,0,0,0
Nov-00,,74495.25,74192,77241.41667,74495.33333,2102235.083,2.333333333,,345.8333333,346.5833333,9.75,,0,0,0
Dec-00,,74495.25,74192,77241.41667,74495.33333,2102235.083,2.333333333,,345.8333333,346.5833333,9.75,,0,0,0
Jan-01,,71613.91667,71676.25,75612.08333,71614.08333,1780668.333,2.083333333,,318.0833333,335.5,8.916666667,,0,0,0
Feb-01,,71613.91667,71676.25,75612.08333,71614.08333,1780668.333,2.083333333,,318.0833333,335.5,8.916666667,,0,0,0
Mar-01,,71613.91667,71676.25,75612.08333,71614.08333,1780668.333,2.083333333,,318.0833333,335.5,8.916666667,,0,0,0
Apr-01,,71613.91667,71676.25,75612.08333,71614.08333,1780668.333,2.083333333,,318.0833333,335.5,8.916666667,,0,0,0
May-01,,71613.91667,71676.25,75612.08333,71614.08333,1780668.333,2.083333333,,318.0833333,335.5,8.916666667,,0,0,0
Jun-01,,71613.91667,71676.25,75612.08333,71614.08333,1780668.333,2.083333333,,318.0833333,335.5,8.916666667,,0,0,0
Jul-01,,71613.91667,71676.25,75612.08333,71614.08333,1780668.333,2.083333333,,318.0833333,335.5,8.916666667,,0,0,0
Aug-01,,71613.91667,71676.25,75612.08333,71614.08333,1780668.333,2.083333333,,318.0833333,335.5,8.916666667,,0,0,0
Sep-01,,71613.91667,71676.25,75612.08333,71614.08333,1780668.333,2.083333333,,318.0833333,335.5,8.916666667,,0,0,0
Oct-01,,71613.91667,71676.25,75612.08333,71614.08333,1780668.333,2.083333333,,318.0833333,335.5,8.916666667,,0,0,0
Nov-01,,71613.91667,71676.25,75612.08333,71614.08333,1780668.333,2.083333333,,318.0833333,335.5,8.916666667,,0,0,0
Dec-01,,71613.91667,71676.25,75612.08333,71614.08333,1780668.333,2.083333333,,318.0833333,335.5,8.916666667,,0,0,0
Jan-02,,65916,65567.08333,71530.25,65915.91667,1597782.083,2,,276.5,317.3333333,6.25,,0,0,0
Feb-02,,65916,65567.08333,71530.25,65915.91667,1597782.083,2,,276.5,317.3333333,6.25,,0,0,0
Mar-02,,65916,65567.08333,71530.25,65915.91667,1597782.083,2,,276.5,317.3333333,6.25,,0,0,0
Apr-02,,65916,65567.08333,71530.25,65915.91667,1597782.083,2,,276.5,317.3333333,6.25,,0,0,0
May-02,,65916,65567.08333,71530.25,65915.91667,1597782.083,2,,276.5,317.3333333,6.25,,0,0,0
Jun-02,,65916,65567.08333,71530.25,65915.91667,1597782.083,2,,276.5,317.3333333,6.25,,0,0,0
Jul-02,,65916,65567.08333,71530.25,65915.91667,1597782.083,2,,276.5,317.3333333,6.25,,0,0,0
Aug-02,,65916,65567.08333,71530.25,65915.91667,1597782.083,2,,276.5,317.3333333,6.25,,0,0,0
Sep-02,,65916,65567.08333,71530.25,65915.91667,1597782.083,2,,276.5,317.3333333,6.25,,0,0,0
Oct-02,,65916,65567.08333,71530.25,65915.91667,1597782.083,2,,276.5,317.3333333,6.25,,0,0,0
Nov-02,,65916,65567.08333,71530.25,65915.91667,1597782.083,2,,276.5,317.3333333,6.25,,0,0,0
Dec-02,,65916,65567.08333,71530.25,65915.91667,1597782.083,2,,276.5,317.3333333,6.25,,0,0,0
Jan-03,,67067.41667,65245.91667,70086.5,67067.16667,1926925.417,2.416666667,,274.9166667,328.4166667,3.583333333,,0,0,0
Feb-03,,67067.41667,65245.91667,70086.5,67067.16667,1926925.417,2.416666667,,274.9166667,328.4166667,3.583333333,,0,0,0
Mar-03,,67067.41667,65245.91667,70086.5,67067.16667,1926925.417,2.416666667,,274.9166667,328.4166667,3.583333333,,0,0,0
Apr-03,,67067.41667,65245.91667,70086.5,67067.16667,1926925.417,2.416666667,,274.9166667,328.4166667,3.583333333,,0,0,0
May-03,,67067.41667,65245.91667,70086.5,67067.16667,1926925.417,2.416666667,,274.9166667,328.4166667,3.583333333,,0,0,0
Jun-03,,67067.41667,65245.91667,70086.5,67067.16667,1926925.417,2.416666667,,274.9166667,328.4166667,3.583333333,,0,0,0
Jul-03,,67067.41667,65245.91667,70086.5,67067.16667,1926925.417,2.416666667,,274.9166667,328.4166667,3.583333333,,0,0,0
Aug-03,,67067.41667,65245.91667,70086.5,67067.16667,1926925.417,2.416666667,,274.9166667,328.4166667,3.583333333,,0,0,0
Sep-03,,67067.41667,65245.91667,70086.5,67067.16667,1926925.417,2.416666667,,274.9166667,328.4166667,3.583333333,,0,0,0
Oct-03,,67067.41667,65245.91667,70086.5,67067.16667,1926925.417,2.416666667,,274.9166667,328.4166667,3.583333333,,0,0,0
Nov-03,,67067.41667,65245.91667,70086.5,67067.16667,1926925.417,2.416666667,,274.9166667,328.4166667,3.583333333,,0,0,0
Dec-03,,67067.41667,65245.91667,70086.5,67067.16667,1926925.417,2.416666667,,274.9166667,328.4166667,3.583333333,,0,0,0
Jan-04,,68815.83333,68879.25,73867.75,68815.91667,2489473.167,3,,265.9166667,323.8333333,12.08333333,,0,0,0
Feb-04,,68815.83333,68879.25,73867.75,68815.91667,2489473.167,3,,265.9166667,323.8333333,12.08333333,,0,0,0
Mar-04,,68815.83333,68879.25,73867.75,68815.91667,2489473.167,3,,265.9166667,323.8333333,12.08333333,,0,0,0
Apr-04,,68815.83333,68879.25,73867.75,68815.91667,2489473.167,3,,265.9166667,323.8333333,12.08333333,,0,0,0
May-04,,68815.83333,68879.25,73867.75,68815.91667,2489473.167,3,,265.9166667,323.8333333,12.08333333,,0,0,0
Jun-04,,68815.83333,68879.25,73867.75,68815.91667,2489473.167,3,,265.9166667,323.8333333,12.08333333,,0,0,0
Jul-04,,68815.83333,68879.25,73867.75,68815.91667,2489473.167,3,,265.9166667,323.8333333,12.08333333,,0,0,0
Aug-04,,68815.83333,68879.25,73867.75,68815.91667,2489473.167,3,,265.9166667,323.8333333,12.08333333,,0,0,0
Sep-04,,68815.83333,68879.25,73867.75,68815.91667,2489473.167,3,,265.9166667,323.8333333,12.08333333,,0,0,0
Oct-04,,68815.83333,68879.25,73867.75,68815.91667,2489473.167,3,,265.9166667,323.8333333,12.08333333,,0,0,0
Nov-04,,68815.83333,68879.25,73867.75,68815.91667,2489473.167,3,,265.9166667,323.8333333,12.08333333,,0,0,0
Dec-04,,68815.83333,68879.25,73867.75,68815.91667,2489473.167,3,,265.9166667,323.8333333,12.08333333,,367.9941121,23,62501
Jan-05,,70266.91667,71036.58333,76908.08333,70266.91667,3550304.75,4.25,,236,372.25,8.583333333,,0,0,0
Feb-05,,70266.91667,71036.58333,76908.08333,70266.91667,3550304.75,4.25,,236,372.25,8.583333333,,0,0,0
Mar-05,,70266.91667,71036.58333,76908.08333,70266.91667,3550304.75,4.25,,236,372.25,8.583333333,,0,0,0
Apr-05,,70266.91667,71036.58333,76908.08333,70266.91667,3550304.75,4.25,,236,372.25,8.583333333,,0,0,0
May-05,,70266.91667,71036.58333,76908.08333,70266.91667,3550304.75,4.25,,236,372.25,8.583333333,,0,0,0
Jun-05,,70266.91667,71036.58333,76908.08333,70266.91667,3550304.75,4.25,,236,372.25,8.583333333,,0,0,0
Jul-05,,70266.91667,71036.58333,76908.08333,70266.91667,3550304.75,4.25,,236,372.25,8.583333333,,0,0,0
Aug-05,,70266.91667,71036.58333,76908.08333,70266.91667,3550304.75,4.25,,236,372.25,8.583333333,,0,0,0
Sep-05,,70266.91667,71036.58333,76908.08333,70266.91667,3550304.75,4.25,,236,372.25,8.583333333,,0,0,0
Oct-05,,70266.91667,71036.58333,76908.08333,70266.91667,3550304.75,4.25,,236,372.25,8.583333333,,0,0,0
Nov-05,,70266.91667,71036.58333,76908.08333,70266.91667,3550304.75,4.25,,236,372.25,8.583333333,,0,0,0
Dec-05,,70266.91667,71036.58333,76908.08333,70266.91667,3550304.75,4.25,,236,372.25,8.583333333,,0,0,0
Jan-06,,74066.16667,73199.58333,79165.25,74066.25,4653844.25,5.25,,235.3333333,393,2.75,,0,0,0
Feb-06,,74066.16667,73199.58333,79165.25,74066.25,4653844.25,5.25,,235.3333333,393,2.75,,0,0,0
Mar-06,,74066.16667,73199.58333,79165.25,74066.25,4653844.25,5.25,,235.3333333,393,2.75,,0,0,0
Apr-06,,74066.16667,73199.58333,79165.25,74066.25,4653844.25,5.25,,235.3333333,393,2.75,,0,0,0
May-06,,74066.16667,73199.58333,79165.25,74066.25,4653844.25,5.25,,235.3333333,393,2.75,,0,0,0
Jun-06,,74066.16667,73199.58333,79165.25,74066.25,4653844.25,5.25,,235.3333333,393,2.75,,0,0,0
Jul-06,,74066.16667,73199.58333,79165.25,74066.25,4653844.25,5.25,,235.3333333,393,2.75,,0,0,0
Aug-06,,74066.16667,73199.58333,79165.25,74066.25,4653844.25,5.25,,235.3333333,393,2.75,,0,0,0
Sep-06,,74066.16667,73199.58333,79165.25,74066.25,4653844.25,5.25,,235.3333333,393,2.75,,0,0,0
Oct-06,,74066.16667,73199.58333,79165.25,74066.25,4653844.25,5.25,,235.3333333,393,2.75,,0,0,0
Nov-06,,74066.16667,73199.58333,79165.25,74066.25,4653844.25,5.25,,235.3333333,393,2.75,,0,0,0
Dec-06,,74066.16667,73199.58333,79165.25,74066.25,4653844.25,5.25,,235.3333333,393,2.75,,388.082344,22,56689
Jan-07,,72711.75,73509.75,79658.16667,72711.83333,5043115.25,5.75,270,240.5,354.5,0.583333333,,0,0,0
Feb-07,,72711.75,73509.75,79658.16667,72711.83333,5043115.25,5.75,194,240.5,354.5,0.583333333,,0,0,0
Mar-07,,72711.75,73509.75,79658.16667,72711.83333,5043115.25,5.75,286,240.5,354.5,0.583333333,,0,0,0
Apr-07,,72711.75,73509.75,79658.16667,72711.83333,5043115.25,5.75,70,240.5,354.5,0.583333333,,0,0,0
May-07,,72711.75,73509.75,79658.16667,72711.83333,5043115.25,5.75,35,240.5,354.5,0.583333333,,0,0,0
Jun-07,,72711.75,73509.75,79658.16667,72711.83333,5043115.25,5.75,27,240.5,354.5,0.583333333,,0,0,0
Jul-07,,72711.75,73509.75,79658.16667,72711.83333,5043115.25,5.75,19,240.5,354.5,0.583333333,,0,0,0
Aug-07,,72711.75,73509.75,79658.16667,72711.83333,5043115.25,5.75,32,240.5,354.5,0.583333333,,0,0,0
Sep-07,,72711.75,73509.75,79658.16667,72711.83333,5043115.25,5.75,108,240.5,354.5,0.583333333,,0,0,0
Oct-07,,72711.75,73509.75,79658.16667,72711.83333,5043115.25,5.75,348,240.5,354.5,0.583333333,,0,0,0
Nov-07,,72711.75,73509.75,79658.16667,72711.83333,5043115.25,5.75,398,240.5,354.5,0.583333333,,0,0,0
Dec-07,,72711.75,73509.75,79658.16667,72711.83333,5043115.25,5.75,304,240.5,354.5,0.583333333,,0,0,0
Jan-08,,72072.66667,72138.58333,78229.08333,72072.66667,7082943.75,8.166666667,323,231,355,0.916666667,,0,0,0
Feb-08,,72072.66667,72138.58333,78229.08333,72072.66667,7082943.75,8.166666667,294,231,355,0.916666667,,0,0,0
Mar-08,,72072.66667,72138.58333,78229.08333,72072.66667,7082943.75,8.166666667,413,231,355,0.916666667,,0,0,0
Apr-08,,72072.66667,72138.58333,78229.08333,72072.66667,7082943.75,8.166666667,51,231,355,0.916666667,,0,0,0
May-08,,72072.66667,72138.58333,78229.08333,72072.66667,7082943.75,8.166666667,30,231,355,0.916666667,,0,0,0
Jun-08,,72072.66667,72138.58333,78229.08333,72072.66667,7082943.75,8.166666667,43,231,355,0.916666667,,0,0,0
Jul-08,,72072.66667,72138.58333,78229.08333,72072.66667,7082943.75,8.166666667,38,231,355,0.916666667,,0,0,0
Aug-08,,72072.66667,72138.58333,78229.08333,72072.66667,7082943.75,8.166666667,56,231,355,0.916666667,,0,0,0
Sep-08,,72072.66667,72138.58333,78229.08333,72072.66667,7082943.75,8.166666667,127,231,355,0.916666667,,0,0,0
Oct-08,,72072.66667,72138.58333,78229.08333,72072.66667,7082943.75,8.166666667,269,231,355,0.916666667,,0,0,0
Nov-08,,72072.66667,72138.58333,78229.08333,72072.66667,7082943.75,8.166666667,340,231,355,0.916666667,,0,0,0
Dec-08,,72072.66667,72138.58333,78229.08333,72072.66667,7082943.75,8.166666667,305,231,355,0.916666667,,0,0,0
Jan-09,,69590.41667,69872.91667,76054.5,69590.41667,4227928.833,5.083333333,249,209.9166667,275.75,0.666666667,,0,0,0
Feb-09,,69590.41667,69872.91667,76054.5,69590.41667,4227928.833,5.083333333,192,209.9166667,275.75,0.666666667,,0,0,0
Mar-09,,69590.41667,69872.91667,76054.5,69590.41667,4227928.833,5.083333333,180,209.9166667,275.75,0.666666667,,0,0,0
Apr-09,,69590.41667,69872.91667,76054.5,69590.41667,4227928.833,5.083333333,101,209.9166667,275.75,0.666666667,,0,0,0
May-09,,69590.41667,69872.91667,76054.5,69590.41667,4227928.833,5.083333333,55,209.9166667,275.75,0.666666667,,0,0,0
Jun-09,,69590.41667,69872.91667,76054.5,69590.41667,4227928.833,5.083333333,47,209.9166667,275.75,0.666666667,,0,0,0
Jul-09,,69590.41667,69872.91667,76054.5,69590.41667,4227928.833,5.083333333,26,209.9166667,275.75,0.666666667,,0,0,0
Aug-09,,69590.41667,69872.91667,76054.5,69590.41667,4227928.833,5.083333333,45,209.9166667,275.75,0.666666667,,0,0,0
Sep-09,,69590.41667,69872.91667,76054.5,69590.41667,4227928.833,5.083333333,157,209.9166667,275.75,0.666666667,,0,0,0
Oct-09,,69590.41667,69872.91667,76054.5,69590.41667,4227928.833,5.083333333,322,209.9166667,275.75,0.666666667,,0,0,0
Nov-09,,69590.41667,69872.91667,76054.5,69590.41667,4227928.833,5.083333333,299,209.9166667,275.75,0.666666667,,0,0,0
Dec-09,,69590.41667,69872.91667,76054.5,69590.41667,4227928.833,5.083333333,268,209.9166667,275.75,0.666666667,,0,0,0
Jan-10,,72701.25,72687.25,78243.83333,72701,5723628.5,6.583333333,235,173.6666667,224.8333333,0,,0,0,0
Feb-10,,72701.25,72687.25,78243.83333,72701,5723628.5,6.583333333,167,173.6666667,224.8333333,0,,0,0,0
Mar-10,,72701.25,72687.25,78243.83333,72701,5723628.5,6.583333333,160,173.6666667,224.8333333,0,,0,0,0
Apr-10,,72701.25,72687.25,78243.83333,72701,5723628.5,6.583333333,126,173.6666667,224.8333333,0,,0,0,0
May-10,,72701.25,72687.25,78243.83333,72701,5723628.5,6.583333333,64,173.6666667,224.8333333,0,,0,0,0
Jun-10,,72701.25,72687.25,78243.83333,72701,5723628.5,6.583333333,46,173.6666667,224.8333333,0,,0,0,0
Jul-10,,72701.25,72687.25,78243.83333,72701,5723628.5,6.583333333,43,173.6666667,224.8333333,0,,0,0,0
Aug-10,,72701.25,72687.25,78243.83333,72701,5723628.5,6.583333333,61,173.6666667,224.8333333,0,,0,0,0
Sep-10,,72701.25,72687.25,78243.83333,72701,5723628.5,6.583333333,114,173.6666667,224.8333333,0,,0,0,0
Oct-10,,72701.25,72687.25,78243.83333,72701,5723628.5,6.583333333,300,173.6666667,224.8333333,0,,0,0,0
Nov-10,,72701.25,72687.25,78243.83333,72701,5723628.5,6.583333333,311,173.6666667,224.8333333,0,,0,0,0
Dec-10,,72701.25,72687.25,78243.83333,72701,5723628.5,6.583333333,232,173.6666667,224.8333333,0,,0,0,0
Jan-11,,77253.66667,77036.75,83521.41667,77253.66667,8343082.5,9,255,173.6666667,197.0833333,0,,0,0,0
Feb-11,,77253.66667,77036.75,83521.41667,77253.66667,8343082.5,9,143,173.6666667,197.0833333,0,,0,0,0
Mar-11,,77253.66667,77036.75,83521.41667,77253.66667,8343082.5,9,152,173.6666667,197.0833333,0,,0,0,0
Apr-11,,77253.66667,77036.75,83521.41667,77253.66667,8343082.5,9,87,173.6666667,197.0833333,0,,0,0,0
May-11,,77253.66667,77036.75,83521.41667,77253.66667,8343082.5,9,52,173.6666667,197.0833333,0,,0,0,0
Jun-11,,77253.66667,77036.75,83521.41667,77253.66667,8343082.5,9,33,173.6666667,197.0833333,0,,0,0,0
Jul-11,,77253.66667,77036.75,83521.41667,77253.66667,8343082.5,9,19,173.6666667,197.0833333,0,,0,0,0
Aug-11,,77253.66667,77036.75,83521.41667,77253.66667,8343082.5,9,45,173.6666667,197.0833333,0,,0,0,0
Sep-11,,77253.66667,77036.75,83521.41667,77253.66667,8343082.5,9,162,173.6666667,197.0833333,0,,0,0,0
Oct-11,,77253.66667,77036.75,83521.41667,77253.66667,8343082.5,9,314,173.6666667,197.0833333,0,,0,0,0
Nov-11,,77253.66667,77036.75,83521.41667,77253.66667,8343082.5,9,280,173.6666667,197.0833333,0,,0,0,0
Dec-11,,77253.66667,77036.75,83521.41667,77253.66667,8343082.5,9,280,173.6666667,197.0833333,0,,0,0,0
Jan-12,,78941,78763.5,86225.66667,78940.83333,8903612.667,9.416666667,205,174.5,202,0,,0,0,0
Feb-12,,78941,78763.5,86225.66667,78940.83333,8903612.667,9.416666667,194,174.5,202,0,,0,0,0
Mar-12,,78941,78763.5,86225.66667,78940.83333,8903612.667,9.416666667,139,174.5,202,0,,0,0,0
Apr-12,,78941,78763.5,86225.66667,78940.83333,8903612.667,9.416666667,79,174.5,202,0,,0,0,0
May-12,,78941,78763.5,86225.66667,78940.83333,8903612.667,9.416666667,37,174.5,202,0,,0,0,0
Jun-12,,78941,78763.5,86225.66667,78940.83333,8903612.667,9.416666667,29,174.5,202,0,,0,0,0
Jul-12,,78941,78763.5,86225.66667,78940.83333,8903612.667,9.416666667,17,174.5,202,0,,0,0,0
Aug-12,,78941,78763.5,86225.66667,78940.83333,8903612.667,9.416666667,30,174.5,202,0,,0,0,0
Sep-12,,78941,78763.5,86225.66667,78940.83333,8903612.667,9.416666667,123,174.5,202,0,,0,0,0
Oct-12,,78941,78763.5,86225.66667,78940.83333,8903612.667,9.416666667,315,174.5,202,0,,0,0,0
Nov-12,,78941,78763.5,86225.66667,78940.83333,8903612.667,9.416666667,374,174.5,202,0,,0,0,0
Dec-12,,78941,78763.5,86225.66667,78940.83333,8903612.667,9.416666667,291,174.5,202,0,,0,0,0
Jan-13,,76256.25,75556.16667,83498.33333,76256.08333,8256035.583,9,268,151.25,186.6666667,0,,0,0,0
Feb-13,,76256.25,75556.16667,83498.33333,76256.08333,8256035.583,9,171,151.25,186.6666667,0,,0,0,0
Mar-13,,76256.25,75556.16667,83498.33333,76256.08333,8256035.583,9,120,151.25,186.6666667,0,,0,0,0
Apr-13,,76256.25,75556.16667,83498.33333,76256.08333,8256035.583,9,92,151.25,186.6666667,0,,0,0,0
May-13,,76256.25,75556.16667,83498.33333,76256.08333,8256035.583,9,46,151.25,186.6666667,0,,0,0,0
Jun-13,,76256.25,75556.16667,83498.33333,76256.08333,8256035.583,9,27,151.25,186.6666667,0,,0,0,0
Jul-13,,76256.25,75556.16667,83498.33333,76256.08333,8256035.583,9,47,151.25,186.6666667,0,,986.6480776,92,93245
Aug-13,,76256.25,75556.16667,83498.33333,76256.08333,8256035.583,9,51,151.25,186.6666667,0,,0,0,0
Sep-13,,76256.25,75556.16667,83498.33333,76256.08333,8256035.583,9,141,151.25,186.6666667,0,,0,0,0
Oct-13,,76256.25,75556.16667,83498.33333,76256.08333,8256035.583,9,310,151.25,186.6666667,0,,0,0,0
Nov-13,,76256.25,75556.16667,83498.33333,76256.08333,8256035.583,9,363,151.25,186.6666667,0,,0,0,0
Dec-13,,76256.25,75556.16667,83498.33333,76256.08333,8256035.583,9,281,151.25,186.6666667,0,,0,0,0
Jan-14,,77293.66667,76528.75,85841,77293.75,7825582.333,8.416666667,202,145.6666667,156.5833333,0,,0,0,0
Feb-14,,77293.66667,76528.75,85841,77293.75,7825582.333,8.416666667,142,145.6666667,156.5833333,0,,0,0,0
Mar-14,,77293.66667,76528.75,85841,77293.75,7825582.333,8.416666667,103,145.6666667,156.5833333,0,,0,0,0
Apr-14,,77293.66667,76528.75,85841,77293.75,7825582.333,8.416666667,55,145.6666667,156.5833333,0,,0,0,0
May-14,,77293.66667,76528.75,85841,77293.75,7825582.333,8.416666667,35,145.6666667,156.5833333,0,,0,0,0
Jun-14,,77293.66667,76528.75,85841,77293.75,7825582.333,8.416666667,22,145.6666667,156.5833333,0,,0,0,0
Jul-14,,77293.66667,76528.75,85841,77293.75,7825582.333,8.416666667,18,145.6666667,156.5833333,0,,0,0,0
Aug-14,,77293.66667,76528.75,85841,77293.75,7825582.333,8.416666667,36,145.6666667,156.5833333,0,,0,0,0
Sep-14,,77293.66667,76528.75,85841,77293.75,7825582.333,8.416666667,136,145.6666667,156.5833333,0,,0,0,0
Oct-14,,77293.66667,76528.75,85841,77293.75,7825582.333,8.416666667,263,145.6666667,156.5833333,0,,0,0,0
Nov-14,,77293.66667,76528.75,85841,77293.75,7825582.333,8.416666667,319,145.6666667,156.5833333,0,,0,0,0
Dec-14,,77293.66667,76528.75,85841,77293.75,7825582.333,8.416666667,298,145.6666667,156.5833333,0,,0,0,0
Jan-15,,85508.91667,84679.75,93082.16667,85508.91667,4556610.25,4.416666667,197,147,143.1666667,0,,0,0,0
Feb-15,,85508.91667,84679.75,93082.16667,85508.91667,4556610.25,4.416666667,139,147,143.1666667,0,,0,0,0
Mar-15,,85508.91667,84679.75,93082.16667,85508.91667,4556610.25,4.416666667,109,147,143.1666667,0,,0,0,0
Apr-15,,85508.91667,84679.75,93082.16667,85508.91667,4556610.25,4.416666667,58,147,143.1666667,0,,0,0,0
May-15,,85508.91667,84679.75,93082.16667,85508.91667,4556610.25,4.416666667,25,147,143.1666667,0,,0,0,0
Jun-15,,85508.91667,84679.75,93082.16667,85508.91667,4556610.25,4.416666667,21,147,143.1666667,0,,0,0,0
Jul-15,,85508.91667,84679.75,93082.16667,85508.91667,4556610.25,4.416666667,15,147,143.1666667,0,,0,0,0
Aug-15,,85508.91667,84679.75,93082.16667,85508.91667,4556610.25,4.416666667,27,147,143.1666667,0,,0,0,0
Sep-15,,85508.91667,84679.75,93082.16667,85508.91667,4556610.25,4.416666667,102,147,143.1666667,0,,0,0,0
Oct-15,,85508.91667,84679.75,93082.16667,85508.91667,4556610.25,4.416666667,251,147,143.1666667,0,,0,0,0
Nov-15,,85508.91667,84679.75,93082.16667,85508.91667,4556610.25,4.416666667,275,147,143.1666667,0,,0,0,0
Dec-15,,85508.91667,84679.75,93082.16667,85508.91667,4556610.25,4.416666667,254,147,143.1666667,0,,0,0,0
Jan-16,,89843.25,89310.91667,96467.66667,89843.41667,3690820.833,3.416666667,170,143.8333333,124.5833333,0,4288593,0,0,0
Feb-16,,89843.25,89310.91667,96467.66667,89843.41667,3690820.833,3.416666667,126,143.8333333,124.5833333,0,3592400,0,0,0
Mar-16,,89843.25,89310.91667,96467.66667,89843.41667,3690820.833,3.416666667,90,143.8333333,124.5833333,0,3201669,363.7300517,24,65983
Apr-16,,89843.25,89310.91667,96467.66667,89843.41667,3690820.833,3.416666667,39,143.8333333,124.5833333,0,2135286,0,0,0
May-16,,89843.25,89310.91667,96467.66667,89843.41667,3690820.833,3.416666667,24,143.8333333,124.5833333,0,1989360,0,0,0
Jun-16,,89843.25,89310.91667,96467.66667,89843.41667,3690820.833,3.416666667,21,143.8333333,124.5833333,0,2076852,0,0,0
Jul-16,,89843.25,89310.91667,96467.66667,89843.41667,3690820.833,3.416666667,14,143.8333333,124.5833333,0,2300665,0,0,0
Aug-16,,89843.25,89310.91667,96467.66667,89843.41667,3690820.833,3.416666667,36,143.8333333,124.5833333,0,2278564,0,0,0
Sep-16,,89843.25,89310.91667,96467.66667,89843.41667,3690820.833,3.416666667,93,143.8333333,124.5833333,0,2046908,0,0,0
Oct-16,,89843.25,89310.91667,96467.66667,89843.41667,3690820.833,3.416666667,195,143.8333333,124.5833333,0,2523673,0,0,0
Nov-16,,89843.25,89310.91667,96467.66667,89843.41667,3690820.833,3.416666667,253,143.8333333,124.5833333,0,3473228,0,0,0
Dec-16,,89843.25,89310.91667,96467.66667,89843.41667,3690820.833,3.416666667,194,143.8333333,124.5833333,0,3912322,0,0,0
Jan-17,,93180.58333,93114.66667,102471,93180.58333,4971706.833,4.416666667,127,123.75,109.5,0,4207223,0,0,0
Feb-17,,93180.58333,93114.66667,102471,93180.58333,4971706.833,4.416666667,113,123.75,109.5,0,3804316,0,0,0
Mar-17,,93180.58333,93114.66667,102471,93180.58333,4971706.833,4.416666667,78,123.75,109.5,0,3427452,0,0,0
Apr-17,,93180.58333,93114.66667,102471,93180.58333,4971706.833,4.416666667,36,123.75,109.5,0,2420775,307.4368986,20,65054
May-17,,93180.58333,93114.66667,102471,93180.58333,4971706.833,4.416666667,18,123.75,109.5,0,2075409,0,0,0
Jun-17,,93180.58333,93114.66667,102471,93180.58333,4971706.833,4.416666667,14,123.75,109.5,0,2230415,0,0,0
Jul-17,,93180.58333,93114.66667,102471,93180.58333,4971706.833,4.416666667,7,123.75,109.5,0,2490762,0,0,0
Aug-17,,93180.58333,93114.66667,102471,93180.58333,4971706.833,4.416666667,18,123.75,109.5,0,2269045,0,0,0
Sep-17,,93180.58333,93114.66667,102471,93180.58333,4971706.833,4.416666667,105,123.75,109.5,0,1984946,0,0,0
Oct-17,,93180.58333,93114.66667,102471,93180.58333,4971706.833,4.416666667,167,123.75,109.5,0,2157623,0,0,0
Nov-17,,93180.58333,93114.66667,102471,93180.58333,4971706.833,4.416666667,247,123.75,109.5,0,3621631,0,0,0
Dec-17,,93180.58333,93114.66667,102471,93180.58333,4971706.833,4.416666667,149,123.75,109.5,0,4951454,0,0,0
Jan-18,,93023.41667,92188.83333,104906.1667,93023.16667,6649200.083,5.916666667,119,100.1666667,95.25,0,5237703,0,0,0
Feb-18,,93023.41667,92188.83333,104906.1667,93023.16667,6649200.083,5.916666667,98,100.1666667,95.25,0,4384777,0,0,0
Mar-18,,93023.41667,92188.83333,104906.1667,93023.16667,6649200.083,5.916666667,60,100.1666667,95.25,0,3841499,0,0,0
Apr-18,,93023.41667,92188.83333,104906.1667,93023.16667,6649200.083,5.916666667,34,100.1666667,95.25,0,3127678,0,0,0
May-18,,93023.41667,92188.83333,104906.1667,93023.16667,6649200.083,5.916666667,20,100.1666667,95.25,0,2742394,0,0,0
Jun-18,,93023.41667,92188.83333,104906.1667,93023.16667,6649200.083,5.916666667,14,100.1666667,95.25,0,2629796,0,0,0
Jul-18,,93023.41667,92188.83333,104906.1667,93023.16667,6649200.083,5.916666667,11,100.1666667,95.25,0,2752572,0,0,0
Aug-18,,93023.41667,92188.83333,104906.1667,93023.16667,6649200.083,5.916666667,16,100.1666667,95.25,0,2726077,0,0,0
Sep-18,,93023.41667,92188.83333,104906.1667,93023.16667,6649200.083,5.916666667,65,100.1666667,95.25,0,2171415,0,0,0
Oct-18,,93023.41667,92188.83333,104906.1667,93023.16667,6649200.083,5.916666667,177,100.1666667,95.25,0,2967234,0,0,0
Nov-18,,93023.41667,92188.83333,104906.1667,93023.16667,6649200.083,5.916666667,173,100.1666667,95.25,0,3531774,0,0,0
Dec-18,,93023.41667,92188.83333,104906.1667,93023.16667,6649200.083,5.916666667,126,100.1666667,95.25,0,4763917,0,0,0
Jan-19,63.39,89326.91667,88684.16667,104225.8333,89326.91667,5851914.5,5.459166667,96,90.33333333,87,0,4891471,0,0,0
Feb-19,63.39,89326.91667,88684.16667,104225.8333,89326.91667,5851914.5,5.459166667,57,90.33333333,87,0,3970829,0,0,0
Mar-19,63.39,89326.91667,88684.16667,104225.8333,89326.91667,5851914.5,5.459166667,39,90.33333333,87,0,3681343,0,0,0
Apr-19,67.34,89326.91667,88684.16667,104225.8333,89326.91667,5851914.5,5.459166667,28,90.33333333,87,0,3193679,0,0,0
May-19,67.34,89326.91667,88684.16667,104225.8333,89326.91667,5851914.5,5.459166667,13,90.33333333,87,0,2597643,0,0,0
Jun-19,67.34,89326.91667,88684.16667,104225.8333,89326.91667,5851914.5,5.459166667,8,90.33333333,87,0,2318995,0,0,0
Jul-19,61.19,89326.91667,88684.16667,104225.8333,89326.91667,5851914.5,5.459166667,7,90.33333333,87,0,2707143,0,0,0
Aug-19,61.19,89326.91667,88684.16667,104225.8333,89326.91667,5851914.5,5.459166667,12,90.33333333,87,0,2673247,0,0,0
Sep-19,61.19,89326.91667,88684.16667,104225.8333,89326.91667,5851914.5,5.459166667,50,90.33333333,87,0,2316792,0,0,0
Oct-19,62.45,89326.91667,88684.16667,104225.8333,89326.91667,5851914.5,5.459166667,107,90.33333333,87,0,2663634,0,0,0
Nov-19,62.45,89326.91667,88684.16667,104225.8333,89326.91667,5851914.5,5.459166667,136,90.33333333,87,0,3590748,0,0,0
Dec-19,62.45,89326.91667,88684.16667,104225.8333,89326.91667,5851914.5,5.459166667,91,90.33333333,87,0,4853647,0,0,0
Jan-20,50.65,81688.25,81698.25,96583.5,81688.25,3702286,3.776666667,58,84.91666667,75.66666667,0,4782757,0,0,0
Feb-20,50.65,81688.25,81698.25,96583.5,81688.25,3702286,3.776666667,48,84.91666667,75.66666667,0,4245791,0,0,0
Mar-20,50.65,81688.25,81698.25,96583.5,81688.25,3702286,3.776666667,38,84.91666667,75.66666667,0,3833352,0,0,0
Apr-20,30.62,81688.25,81698.25,96583.5,81688.25,3702286,3.776666667,25,84.91666667,75.66666667,0,2833558,0,0,6888
May-20,30.62,81688.25,81698.25,96583.5,81688.25,3702286,3.776666667,10,84.91666667,75.66666667,0,2165280,567.3715364,37,65213
Jun-20,30.62,81688.25,81698.25,96583.5,81688.25,3702286,3.776666667,7,84.91666667,75.66666667,0,2291469,0,0,0
Jul-20,42.98,81688.25,81698.25,96583.5,81688.25,3702286,3.776666667,5,84.91666667,75.66666667,0,2468908,0,0,0
Aug-20,42.98,81688.25,81698.25,96583.5,81688.25,3702286,3.776666667,6,84.91666667,75.66666667,0,2812994,0,0,0
Sep-20,42.98,81688.25,81698.25,96583.5,81688.25,3702286,3.776666667,36,84.91666667,75.66666667,0,2666938,0,0,0
Oct-20,41.42,81688.25,81698.25,96583.5,81688.25,3702286,3.776666667,95,84.91666667,75.66666667,0,2949420,231.9224716,14,60365
Nov-20,41.42,81688.25,81698.25,96583.5,81688.25,3702286,3.776666667,85,84.91666667,75.66666667,0,3679463,0,0,0
Dec-20,41.42,81688.25,81698.25,96583.5,81688.25,3702286,3.776666667,95,84.91666667,75.66666667,0,5243033,0,0,0
Jan-21,60.02,80012.25,80115.16667,96984.83333,80012.33333,5640890.5,5.875,55,74.83333333,70.75,0,5666333,0,0,0
Feb-21,60.02,80012.25,80115.16667,96984.83333,80012.33333,5640890.5,5.875,38,74.83333333,70.75,0,4342644,0,0,0
Mar-21,60.02,80012.25,80115.16667,96984.83333,80012.33333,5640890.5,5.875,28,74.83333333,70.75,0,4141503,0,0,0
Apr-21,67.39,80012.25,80115.16667,96984.83333,80012.33333,5640890.5,5.875,19,74.83333333,70.75,0,3296135,0,0,0
May-21,67.39,80012.25,80115.16667,96984.83333,80012.33333,5640890.5,5.875,7,74.83333333,70.75,0,2972416,0,0,0
Jun-21,67.39,80012.25,80115.16667,96984.83333,80012.33333,5640890.5,5.875,6,74.83333333,70.75,0,2943359,520.0048942,34,65384
Jul-21,71.56,80012.25,80115.16667,96984.83333,80012.33333,5640890.5,5.875,6,74.83333333,70.75,0,3264511,516.5000838,37,71636
Aug-21,71.56,80012.25,80115.16667,96984.83333,80012.33333,5640890.5,5.875,8,74.83333333,70.75,0,2942282,0,0,0
Sep-21,71.56,80012.25,80115.16667,96984.83333,80012.33333,5640890.5,5.875,32,74.83333333,70.75,0,2786125.254,0,0,0
Oct-21,78.07,80012.25,80115.16667,96984.83333,80012.33333,5640890.5,5.875,76,74.83333333,70.75,0,3168051.659,0,0,0
Nov-21,78.07,80012.25,80115.16667,96984.83333,80012.33333,5640890.5,5.875,85,74.83333333,70.75,0,3822459.202,0,0,0
Dec-21,78.07,80012.25,80115.16667,96984.83333,80012.33333,5640890.5,5.875,89,74.83333333,70.75,0,4918503.724,0,0,0
Jan-22,95.14,85940.25,85510.08333,103665.8333,,,,51,,,,5337930.094,2221.465077,163,73375
Feb-22,95.14,85940.25,85510.08333,103665.8333,,,,35,,,,4727536.483,516.813097,31,59983
Mar-22,95.14,85940.25,85510.08333,103665.8333,,,,29,,,,4510243.141,0,0,0
Apr-22,109.73,85940.25,85510.08333,103665.8333,,,,17,,,,3280795.562,0,0,0
May-22,109.73,85940.25,85510.08333,103665.8333,,,,9,,,,2918718.758,0,0,0
Jun-22,109.73,85940.25,85510.08333,103665.8333,,,,8,,,,2877369.949,0,0,0
Jul-22,97.33,85940.25,85510.08333,103665.8333,,,,8,,,,3175651.631,,,
Aug-22,97.33,85940.25,85510.08333,103665.8333,,,,9,,,,2885559.384,,,
Sep-22,97.33,85940.25,85510.08333,103665.8333,,,,33,,,,2575865.622,,,
Oct-22,85.38,85940.25,85510.08333,103665.8333,,,,70,,,,2932386.685,,,
Nov-22,85.38,85940.25,85510.08333,103665.8333,,,,81,,,,,,,
Dec-22,85.38,85940.25,85510.08333,103665.8333,,,,75,,,,,,,
Jan-23,80.09,,,,,,,,,,,,,,
Feb-23,80.09,,,,,,,,,,,,,,
Mar-23,80.09,,,,,,,,,,,,,,
